Insertion Sort, Merge Sort, Heap Sort
66290.754000, 33.643000, 48.225000